name,price,store,url
Vertex Impress Luck 3G Черный,2 490 ₽,Online Trade,https://www.onlinetrade.ru/catalogue/smartfony-c13/vertex/smartfon_vertex_impress_luck_3g_chernyy_vrx_lck_blk2020-1397564.html
Xiaomi Redmi 9A 2/32GB Темно-серый,8 990 ₽,Online Trade,https://www.onlinetrade.ru/catalogue/smartfony-c13/xiaomi/smartfon_xiaomi_redmi_9a_2_32gb_temno_seryy_x29236-2243422.html
Xiaomi Redmi 9 4/64GB Серый,13 990 ₽,Online Trade,https://www.onlinetrade.ru/catalogue/smartfony-c13/xiaomi/smartfon_xiaomi_redmi_9_4_64gb_seryy_x28415-2216066.html
Xiaomi Redmi 9A 2/32GB Синий,8 990 ₽,Online Trade,https://www.onlinetrade.ru/catalogue/smartfony-c13/xiaomi/smartfon_xiaomi_redmi_9a_2_32gb_siniy_x29237-2243424.html
Xiaomi Redmi Note 10S 6/64GB (NFC) Серый,18 990 ₽,Online Trade,https://www.onlinetrade.ru/catalogue/smartfony-c13/xiaomi/smartfon_xiaomi_redmi_note_10s_6_64gb_nfc_seryy_x33447-2685615.html
Xiaomi Redmi 9A 2/32GB Зеленый,8 990 ₽,Online Trade,https://www.onlinetrade.ru/catalogue/smartfony-c13/xiaomi/smartfon_xiaomi_redmi_9a_2_32gb_zelenyy_x29238-2245238.html
Xiaomi Redmi Note 10S 6/128GB (NFC) Синий,20 990 ₽,Online Trade,https://www.onlinetrade.ru/catalogue/smartfony-c13/xiaomi/smartfon_xiaomi_redmi_note_10s_6_128gb_nfc_siniy_x33449-2685611.html
Xiaomi Redmi Note 10S 6/64GB (NFC) Синий,18 990 ₽,Online Trade,https://www.onlinetrade.ru/catalogue/smartfony-c13/xiaomi/smartfon_xiaomi_redmi_note_10s_6_64gb_nfc_siniy_x33448-2685612.html
Samsung Galaxy A12 (2021) 32GB Черный,10 990 ₽,Online Trade,https://www.onlinetrade.ru/catalogue/smartfony-c13/samsung/smartfon_samsung_galaxy_a12_2021_32gb_chernyy_sm_a127fzkuser-2750741.html
Samsung Galaxy A12 (2021) 64GB Черный,12 990 ₽,Online Trade,https://www.onlinetrade.ru/catalogue/smartfony-c13/samsung/smartfon_samsung_galaxy_a12_2021_64gb_chernyy_sm_a127fzkvser-2774093.html
Xiaomi Redmi Note 10S 6/128GB (NFC) Серый,20 990 ₽,Online Trade,https://www.onlinetrade.ru/catalogue/smartfony-c13/xiaomi/smartfon_xiaomi_redmi_note_10s_6_128gb_nfc_seryy_x33445-2685617.html
Xiaomi Redmi Note 10S 6/64GB (NFC) Белый,18 990 ₽,Online Trade,https://www.onlinetrade.ru/catalogue/smartfony-c13/xiaomi/smartfon_xiaomi_redmi_note_10s_6_64gb_nfc_belyy_x33444-2685620.html
POCO X3 Pro 6/128GB Синий,21 990 ₽,Online Trade,https://www.onlinetrade.ru/catalogue/smartfony-c13/poco/smartfon_poco_x3_pro_6_128gb_siniy_x32488-2601361.html
Samsung Galaxy A32 128GB Фиолетовый,21 990 ₽,Online Trade,https://www.onlinetrade.ru/catalogue/smartfony-c13/samsung/smartfon_samsung_galaxy_a32_128gb_fioletovyy_sm_a325flvgser-2535367.html
POCO X3 Pro 6/128GB Бронзовый,21 990 ₽,Online Trade,https://www.onlinetrade.ru/catalogue/smartfony-c13/poco/smartfon_poco_x3_pro_6_128gb_bronzovyy_x32486-2607357.html
Samsung Galaxy A12 (2021) 64GB Синий,12 990 ₽,Online Trade,https://www.onlinetrade.ru/catalogue/smartfony-c13/samsung/smartfon_samsung_galaxy_a12_2021_64gb_siniy_sm_a127fzbvser-2774096.html
Xiaomi Redmi Note 10 Pro 8/128GB Синий,28 990 ₽,Online Trade,https://www.onlinetrade.ru/catalogue/smartfony-c13/xiaomi/smartfon_xiaomi_redmi_note_10_pro_8_128gb_siniy_x33192-2540365.html
Xiaomi Redmi Note 10S 6/128GB (NFC) Белый,20 990 ₽,Online Trade,https://www.onlinetrade.ru/catalogue/smartfony-c13/xiaomi/smartfon_xiaomi_redmi_note_10s_6_128gb_nfc_belyy_x33446-2685619.html
Xiaomi Redmi 9C 4/128GB Серый,12 990 ₽,Online Trade,https://www.onlinetrade.ru/catalogue/smartfony-c13/xiaomi/smartfon_xiaomi_redmi_9c_4_128gb_seryy_x36160-2837342.html
Xiaomi Redmi Note 10 Pro 8/128GB Серый,27 490 ₽,Online Trade,https://www.onlinetrade.ru/catalogue/smartfony-c13/xiaomi/smartfon_xiaomi_redmi_note_10_pro_8_128gb_seryy_x33193-2540366.html
POCO X3 Pro 8/256GB Бронзовый,24 990 ₽,Online Trade,https://www.onlinetrade.ru/catalogue/smartfony-c13/poco/smartfon_poco_x3_pro_8_256gb_bronzovyy_x32484-2607359.html
Samsung Galaxy A12 (2021) 32GB Синий,10 990 ₽,Online Trade,https://www.onlinetrade.ru/catalogue/smartfony-c13/samsung/smartfon_samsung_galaxy_a12_2021_32gb_siniy_sm_a127fzbuser-2774095.html
POCO X3 Pro 8/256GB Синий,24 990 ₽,Online Trade,https://www.onlinetrade.ru/catalogue/smartfony-c13/poco/smartfon_poco_x3_pro_8_256gb_siniy_x32485-2601359.html
POCO X3 NFC 6/128GB Синий,20 990 ₽,Online Trade,https://www.onlinetrade.ru/catalogue/smartfony-c13/poco/smartfon_poco_x3_nfc_6_128gb_siniy_x29602-2318110.html
Samsung Galaxy A12 (2021) 32GB Красный,10 990 ₽,Online Trade,https://www.onlinetrade.ru/catalogue/smartfony-c13/samsung/smartfon_samsung_galaxy_a12_2021_32gb_krasnyy_sm_a127fzruser-2774098.html
Samsung Galaxy A22 64Gb Черный,17 990 ₽,Online Trade,https://www.onlinetrade.ru/catalogue/smartfony-c13/samsung/smartfon_samsung_galaxy_a22_64gb_chernyy_sm_a225fzkdser-2700564.html
Samsung Galaxy A12 (2021) 64GB Красный,12 990 ₽,Online Trade,https://www.onlinetrade.ru/catalogue/smartfony-c13/samsung/smartfon_samsung_galaxy_a12_2021_64gb_krasnyy_sm_a127fzrvser-2774099.html
Samsung Galaxy A32 128GB Черный,21 990 ₽,Online Trade,https://www.onlinetrade.ru/catalogue/smartfony-c13/samsung/smartfon_samsung_galaxy_a32_128gb_chernyy_sm_a325fzkgser-2519506.html
Xiaomi Redmi 9C 4/128GB Зеленый,12 990 ₽,Online Trade,https://www.onlinetrade.ru/catalogue/smartfony-c13/xiaomi/smartfon_xiaomi_redmi_9c_4_128gb_zelenyy_x36596-2911264.html
Samsung Galaxy M12 64Gb Черный,14 990 ₽,Online Trade,https://www.onlinetrade.ru/catalogue/smartfony-c13/samsung/smartfon_samsung_galaxy_m12_64gb_chernyy_sm_m127fzkvser-2654592.html
Samsung Galaxy M32 128Gb Черный,22 990 ₽,Online Trade,https://www.onlinetrade.ru/catalogue/smartfony-c13/samsung/smartfon_samsung_galaxy_m32_128gb_chernyy_sm_m325fzkgser-2700566.html
Nokia G20 4/128GB Dual Sim (TA-1336) Синий,13 990 ₽,Online Trade,https://www.onlinetrade.ru/catalogue/smartfony-c13/nokia/smartfon_nokia_g20_4_128gb_dual_sim_ta_1336_siniy_719901148521-2643429.html
realme C25S 4/128GB серый,14 990 ₽,Online Trade,https://www.onlinetrade.ru/catalogue/smartfony-c13/realme/smartfon_realme_c25s_4_128gb_seryy_rlm_3195.4_128.gr-2778550.html
Samsung Galaxy A12 64GB Синий,12 990 ₽,Online Trade,https://www.onlinetrade.ru/catalogue/smartfony-c13/samsung/smartfon_samsung_galaxy_a12_64gb_siniy_sm_a125fzbvser-2407375.html
Apple iPhone 13 128GB Синий,79 990 ₽,Online Trade,https://www.onlinetrade.ru/catalogue/smartfony-c13/apple/smartfon_apple_iphone_13_128gb_siniy_mlp13ru_a-2804220.html
POCO F3 8/256GB Белый,32 490 ₽,Online Trade,https://www.onlinetrade.ru/catalogue/smartfony-c13/poco/smartfon_poco_f3_8_256gb_belyy_x32200-2614217.html
realme C11 (2021) 2/32GB голубое озеро,7 990 ₽,Online Trade,https://www.onlinetrade.ru/catalogue/smartfony-c13/realme/smartfon_realme_c11_2021_2_32gb_goluboe_ozero_rlm_3231.2_32.bl-2642326.html
Nokia G20 4/64GB Dual Sim (TA-1336) Синий,12 990 ₽,Online Trade,https://www.onlinetrade.ru/catalogue/smartfony-c13/nokia/smartfon_nokia_g20_4_64gb_dual_sim_ta_1336_siniy_719901148511-2643428.html
Samsung Galaxy A22 128Gb Мятный,19 990 ₽,Online Trade,https://www.onlinetrade.ru/catalogue/smartfony-c13/samsung/smartfon_samsung_galaxy_a22_128gb_myatnyy_sm_a225flggser-2750743.html
POCO M4 Pro 5G 6/128GB Желтый,20 980 ₽,Online Trade,https://www.onlinetrade.ru/catalogue/smartfony-c13/poco/smartfon_poco_m4_pro_5g_6_128gb_zheltyy_x36489-2932627.html
Apple iPhone 11 128 GB Фиолетовый,54 990 ₽,Online Trade,https://www.onlinetrade.ru/catalogue/smartfony-c13/apple/smartfon_apple_iphone_11_128_gb_fioletovyy_mhdm3ru_a-2391125.html
Nokia C01 Plus Dual sim 16Gb (TA-1383) Синий,5 990 ₽,Online Trade,https://www.onlinetrade.ru/catalogue/smartfony-c13/nokia/smartfon_nokia_c01_plus_dual_sim_16gb_ta_1383_siniy_719901161861-2768816.html
Samsung Galaxy M12 32Gb Черный,11 990 ₽,Online Trade,https://www.onlinetrade.ru/catalogue/smartfony-c13/samsung/smartfon_samsung_galaxy_m12_32gb_chernyy_sm_m127fzkuser-2636316.html
realme C25S 4/128GB синий,14 990 ₽,Online Trade,https://www.onlinetrade.ru/catalogue/smartfony-c13/realme/smartfon_realme_c25s_4_128gb_siniy_rlm_3195.4_128.bl-2781277.html
Apple iPhone 11 64 GB Зеленый,49 990 ₽,Online Trade,https://www.onlinetrade.ru/catalogue/smartfony-c13/apple/smartfon_apple_iphone_11_64_gb_zelenyy_mhdg3ru_a-2403698.html
Samsung Galaxy M32 128Gb Белый,22 990 ₽,Online Trade,https://www.onlinetrade.ru/catalogue/smartfony-c13/samsung/smartfon_samsung_galaxy_m32_128gb_belyy_sm_m325fzwgser-2750778.html
Samsung Galaxy A12 (2021) 128GB Черный,15 990 ₽,Online Trade,https://www.onlinetrade.ru/catalogue/smartfony-c13/samsung/smartfon_samsung_galaxy_a12_2021_128gb_chernyy_sm_a127fzkkser-2761245.html
realme C21Y 4/64GB черный,11 490 ₽,Online Trade,https://www.onlinetrade.ru/catalogue/smartfony-c13/realme/smartfon_realme_c21y_4_64gb_chernyy_rlm_3261.4_64.bk-2778535.html
Xiaomi 11 Lite 5G NE 8/128Gb Зеленый,29 990 ₽,Online Trade,https://www.onlinetrade.ru/catalogue/smartfony-c13/xiaomi/smartfon_xiaomi_11_lite_5g_ne_8_128gb_zelenyy_x36958-2906532.html
ZTE Blade A3 (2020) NFC Темно-серый,5 990 ₽,Online Trade,https://www.onlinetrade.ru/catalogue/smartfony-c13/zte/smartfon_zte_blade_a3_2020_nfc_temno_seryy_zte_a3.nfc.2020.dg-2170706.html
Apple iPhone 13 128GB (PRODUCT) RED,79 990 ₽,Online Trade,https://www.onlinetrade.ru/catalogue/smartfony-c13/apple/smartfon_apple_iphone_13_128gb_product_red_mlp03ru_a-2804217.html
Apple iPhone 11 128 GB Чёрный,54 990 ₽,Online Trade,https://www.onlinetrade.ru/catalogue/smartfony-c13/apple/smartfon_apple_iphone_11_128_gb_chernyy_mhdh3ru_a-2367772.html
Apple iPhone 11 128 GB Зелёный,54 990 ₽,Online Trade,https://www.onlinetrade.ru/catalogue/smartfony-c13/apple/smartfon_apple_iphone_11_128_gb_zelenyy_mhdn3ru_a-2443665.html
POCO F3 8/256GB Черный,32 490 ₽,Online Trade,https://www.onlinetrade.ru/catalogue/smartfony-c13/poco/smartfon_poco_f3_8_256gb_chernyy_x32197-2614214.html
POCO M4 Pro 5G 6/128GB Черный,20 980 ₽,Online Trade,https://www.onlinetrade.ru/catalogue/smartfony-c13/poco/smartfon_poco_m4_pro_5g_6_128gb_chernyy_x36519-2932632.html
Apple iPhone 11 64 GB Черный,49 990 ₽,Online Trade,https://www.onlinetrade.ru/catalogue/smartfony-c13/apple/smartfon_apple_iphone_11_64_gb_chernyy_mhda3ru_a-2403697.html
Samsung Galaxy A52 128GB Синий,27 490 ₽,Online Trade,https://www.onlinetrade.ru/catalogue/smartfony-c13/samsung/smartfon_samsung_galaxy_a52_128gb_siniy_sm_a525fzbdser-2547952.html
Apple iPhone 13 128GB Розовый,79 990 ₽,Online Trade,https://www.onlinetrade.ru/catalogue/smartfony-c13/apple/smartfon_apple_iphone_13_128gb_rozovyy_mlny3ru_a-2804219.html
Infinix HOT 10 Lite 2/32GB Черный,7 990 ₽,Online Trade,https://www.onlinetrade.ru/catalogue/smartfony-c13/infinix/smartfon_infinix_hot_10_lite_2_32gb_chernyy_4895180760082-2902086.html
Apple iPhone SE (2020) 64 GB Черный,39 990 ₽,Online Trade,https://www.onlinetrade.ru/catalogue/smartfony-c13/apple/smartfon_apple_iphone_se_2020_64_gb_chernyy_mhgp3ru_a-2371933.html
Samsung Galaxy A02 32GB Красный,8 490 ₽,Online Trade,https://www.onlinetrade.ru/catalogue/smartfony-c13/samsung/smartfon_samsung_galaxy_a02_32gb_krasnyy_sm_a022gzrbser-2499142.html
Samsung Galaxy A32 64GB Фиолетовый,19 990 ₽,Online Trade,https://www.onlinetrade.ru/catalogue/smartfony-c13/samsung/smartfon_samsung_galaxy_a32_64gb_fioletovyy_sm_a325flvdser-2535365.html
BQ 6022G Aura Красный,5 290 ₽,Online Trade,https://www.onlinetrade.ru/catalogue/smartfony-c13/bq/smartfon_bq_6022g_aura_krasnyy_4630055241873-2691112.html
Nokia C01 Plus Dual sim 16Gb (TA-1383) Фиолетовый,5 990 ₽,Online Trade,https://www.onlinetrade.ru/catalogue/smartfony-c13/nokia/smartfon_nokia_c01_plus_dual_sim_16gb_ta_1383_fioletovyy_719901161871-2768879.html
Apple iPhone 13 256GB (PRODUCT) RED,89 990 ₽,Online Trade,https://www.onlinetrade.ru/catalogue/smartfony-c13/apple/smartfon_apple_iphone_13_256gb_product_red_mlp63ru_a-2804223.html
Apple iPhone 13 Pro 128GB Графитовый,104 990 ₽,Online Trade,https://www.onlinetrade.ru/catalogue/smartfony-c13/apple/smartfon_apple_iphone_13_pro_128gb_grafitovyy_mlw13ru_a-2804240.html
Samsung Galaxy M52 128Gb Черный,31 990 ₽,Online Trade,https://www.onlinetrade.ru/catalogue/smartfony-c13/samsung/smartfon_samsung_galaxy_m52_128gb_chernyy_sm_m526bzkhser-2841550.html
POCO M4 Pro 5G 6/128GB Синий,20 980 ₽,Online Trade,https://www.onlinetrade.ru/catalogue/smartfony-c13/poco/smartfon_poco_m4_pro_5g_6_128gb_siniy_x36511-2932631.html
POCO M3 Pro 6/128GB Желтый,19 990 ₽,Online Trade,https://www.onlinetrade.ru/catalogue/smartfony-c13/poco/smartfon_poco_m3_pro_6_128gb_zheltyy_x34428-2943135.html
realme 8 6/128GB черный,19 990 ₽,Online Trade,https://www.onlinetrade.ru/catalogue/smartfony-c13/realme/smartfon_realme_8_6_128gb_chernyy_rlm_3085.6_128.bk-2642325.html
realme 8 6/128GB серебристый,19 990 ₽,Online Trade,https://www.onlinetrade.ru/catalogue/smartfony-c13/realme/smartfon_realme_8_6_128gb_serebristyy_rlm_3085.6_128.si-2652570.html
Samsung Galaxy M12 64Gb Зеленый,14 990 ₽,Online Trade,https://www.onlinetrade.ru/catalogue/smartfony-c13/samsung/smartfon_samsung_galaxy_m12_64gb_zelenyy_sm_m127fzgvser-2654590.html
Samsung Galaxy A12 (2021) 128GB Синий,15 990 ₽,Online Trade,https://www.onlinetrade.ru/catalogue/smartfony-c13/samsung/smartfon_samsung_galaxy_a12_2021_128gb_siniy_sm_a127fzbkser-2761247.html
Samsung Galaxy A12 (2021) 128GB Красный,15 990 ₽,Online Trade,https://www.onlinetrade.ru/catalogue/smartfony-c13/samsung/smartfon_samsung_galaxy_a12_2021_128gb_krasnyy_sm_a127fzrkser-2774097.html
Xiaomi 11 Lite 5G NE 8/256Gb Черный,34 990 ₽,Online Trade,https://www.onlinetrade.ru/catalogue/smartfony-c13/xiaomi/smartfon_xiaomi_11_lite_5g_ne_8_256gb_chernyy_x35717-2911263.html
Samsung Galaxy A03 Core 32GB Синий,8 490 ₽,Online Trade,https://www.onlinetrade.ru/catalogue/smartfony-c13/samsung/smartfon_samsung_galaxy_a03_core_32gb_siniy_sm_a032fzbdser-2928662.html
realme C11 (2021) 2/32GB перечный серый,8 990 ₽,Online Trade,https://www.onlinetrade.ru/catalogue/smartfony-c13/realme/smartfon_realme_c11_2021_2_32gb_perechnyy_seryy_rlm_3231.2_32.gr-2252874.html
Apple iPhone 12 128GB (PRODUCT)RED,69 990 ₽,Online Trade,https://www.onlinetrade.ru/catalogue/smartfony-c13/apple/smartfon_apple_iphone_12_128gb_product_red_mgjd3ru_a-2328469.html
Apple iPhone 12 128GB Чёрный,69 990 ₽,Online Trade,https://www.onlinetrade.ru/catalogue/smartfony-c13/apple/smartfon_apple_iphone_12_128gb_chernyy_mgja3ru_a-2328478.html
Apple iPhone 11 64GB (PRODUCT)RED,49 990 ₽,Online Trade,https://www.onlinetrade.ru/catalogue/smartfony-c13/apple/smartfon_apple_iphone_11_64gb_product_red_mhdd3ru_a-2386791.html
Samsung Galaxy S21 5G 256GB Фиолетовый Фантом,59 990 ₽,Online Trade,https://www.onlinetrade.ru/catalogue/smartfony-c13/samsung/smartfon_samsung_galaxy_s21_5g_256gb_fioletovyy_fantom_sm_g991bzvgser-2444876.html
Samsung Galaxy A52 128GB Фиолетовый,27 490 ₽,Online Trade,https://www.onlinetrade.ru/catalogue/smartfony-c13/samsung/smartfon_samsung_galaxy_a52_128gb_fioletovyy_sm_a525flvdser-2547954.html
ZTE Blade A71 3/64GB Синий,9 990 ₽,Online Trade,https://www.onlinetrade.ru/catalogue/smartfony-c13/zte/smartfon_zte_blade_a71_3_64gb_siniy_zte_blade.a71.bl-2666312.html
Samsung Galaxy A22 128Gb Белый,19 990 ₽,Online Trade,https://www.onlinetrade.ru/catalogue/smartfony-c13/samsung/smartfon_samsung_galaxy_a22_128gb_belyy_sm_a225fzwgser-2703099.html
VIVO Y31 4/64GB Голубой океан,14 990 ₽,Online Trade,https://www.onlinetrade.ru/catalogue/smartfony-c13/vivo/smartfon_vivo_y31_4_64gb_goluboy_okean_y31_ocean_blue_v2036_464-2821378.html
Xiaomi 11T 8/256Gb Серый,44 990 ₽,Online Trade,https://www.onlinetrade.ru/catalogue/smartfony-c13/xiaomi/smartfon_xiaomi_11t_8_256gb_seryy_x35014-2847170.html
Xiaomi 11T 8/128Gb Серый,39 990 ₽,Online Trade,https://www.onlinetrade.ru/catalogue/smartfony-c13/xiaomi/smartfon_xiaomi_11t_8_128gb_seryy_x35025-2860951.html
Infinix HOT 11S NFC 6/128GB Черный,15 990 ₽,Online Trade,https://www.onlinetrade.ru/catalogue/smartfony-c13/infinix/smartfon_infinix_hot_11s_nfc_6_128gb_chernyy_4895180776090-2902090.html
ZTE Blade L210 Синий,5 290 ₽,Online Trade,https://www.onlinetrade.ru/catalogue/smartfony-c13/zte/smartfon_zte_blade_l210_siniy_zte_blade.l210.bl-2373117.html
Samsung Galaxy S21 5G 256GB Серый Фантом,59 990 ₽,Online Trade,https://www.onlinetrade.ru/catalogue/smartfony-c13/samsung/smartfon_samsung_galaxy_s21_5g_256gb_seryy_fantom_sm_g991bzagser-2444875.html
VIVO Y31 4/128GB Голубой океан,16 990 ₽,Online Trade,https://www.onlinetrade.ru/catalogue/smartfony-c13/vivo/smartfon_vivo_y31_4_128gb_goluboy_okean_y31_ocean_blue_vivo_v2036-2505617.html
Samsung Galaxy A02s 32GB Белый,10 990 ₽,Online Trade,https://www.onlinetrade.ru/catalogue/smartfony-c13/samsung/smartfon_samsung_galaxy_a02s_32gb_belyy_sm_a025fzweser-2513549.html
Samsung Galaxy A32 64GB Голубой,19 990 ₽,Online Trade,https://www.onlinetrade.ru/catalogue/smartfony-c13/samsung/smartfon_samsung_galaxy_a32_64gb_goluboy_sm_a325fzbdser-2535363.html
OUKITEL F150 B2021 Черный,12 990 ₽,Online Trade,https://www.onlinetrade.ru/catalogue/smartfony-c13/oukitel/smartfon_oukitel_f150_b2021_chernyy_oukitel_f150_black-2748084.html
ZTE Blade A51 lite 2/32Gb Зеленый,7 490 ₽,Online Trade,https://www.onlinetrade.ru/catalogue/smartfony-c13/zte/smartfon_zte_blade_a51_lite_2_32gb_zelenyy_zte_a51.lite.gn-2768952.html
Samsung Galaxy M22 128Gb Белый,18 990 ₽,Online Trade,https://www.onlinetrade.ru/catalogue/smartfony-c13/samsung/smartfon_samsung_galaxy_m22_128gb_belyy_sm_m225fzwgser-2825761.html
Xiaomi 11 Lite 5G NE 8/128Gb Белый,29 990 ₽,Online Trade,https://www.onlinetrade.ru/catalogue/smartfony-c13/xiaomi/smartfon_xiaomi_11_lite_5g_ne_8_128gb_belyy_x35735-2858643.html
Infinix HOT 11S NFC 4/64GB Черный,12 990 ₽,Online Trade,https://www.onlinetrade.ru/catalogue/smartfony-c13/infinix/smartfon_infinix_hot_11s_nfc_4_64gb_chernyy_4895180776120-2902088.html
VIVO Y1S 2/32GB Оливково-черный,8 490 ₽,Online Trade,https://www.onlinetrade.ru/catalogue/smartfony-c13/vivo/smartfon_vivo_y1s_2_32gb_olivkovo_chernyy_y1s_olive_black_vivo_2015-2250333.html
Apple iPhone 12 64GB Чёрный,64 990 ₽,Online Trade,https://www.onlinetrade.ru/catalogue/smartfony-c13/apple/smartfon_apple_iphone_12_64gb_chernyy_mgj53ru_a-2328447.html
ITEL A25 Фиолетовый,4 490 ₽,Online Trade,https://www.onlinetrade.ru/catalogue/smartfony-c13/itel/smartfon_itel_a25_fioletovyy_itl_a25_grpu-2344154.html
VIVO Y31 4/64GB Чёрный асфальт,14 990 ₽,Online Trade,https://www.onlinetrade.ru/catalogue/smartfony-c13/vivo/smartfon_vivo_y31_4_64gb_chernyy_asfalt_y31_racing_black_v2036_464-2821377.html
OUKITEL WP12 Pro Черный,10 990 ₽,Online Trade,https://www.onlinetrade.ru/catalogue/smartfony-c13/oukitel/smartfon_oukitel_wp12_pro_chernyy_oukitel_wp12_pro_black-2833841.html
Xiaomi 11 Lite 5G NE 8/128Gb Синий,29 990 ₽,Online Trade,https://www.onlinetrade.ru/catalogue/smartfony-c13/xiaomi/smartfon_xiaomi_11_lite_5g_ne_8_128gb_siniy_x35673-2857256.html
Xiaomi 11 Lite 5G NE 8/128Gb Черный,29 990 ₽,Online Trade,https://www.onlinetrade.ru/catalogue/smartfony-c13/xiaomi/smartfon_xiaomi_11_lite_5g_ne_8_128gb_chernyy_x35688-2857258.html
Xiaomi 11 Lite 5G NE 8/128Gb Розовый,29 990 ₽,Online Trade,https://www.onlinetrade.ru/catalogue/smartfony-c13/xiaomi/smartfon_xiaomi_11_lite_5g_ne_8_128gb_rozovyy_x35740-2858644.html
Xiaomi 11T 8/128Gb Белый,39 990 ₽,Online Trade,https://www.onlinetrade.ru/catalogue/smartfony-c13/xiaomi/smartfon_xiaomi_11t_8_128gb_belyy_x35036-2857250.html
Xiaomi 11T 8/256Gb Голубой,44 990 ₽,Online Trade,https://www.onlinetrade.ru/catalogue/smartfony-c13/xiaomi/smartfon_xiaomi_11t_8_256gb_goluboy_x35037-2857254.html
OPPO A16 3/32GB синий,12 990 ₽,Online Trade,https://www.onlinetrade.ru/catalogue/smartfony-c13/oppo/smartfon_oppo_a16_3_32gb_siniy_opp_2269.3_32.bl-2859880.html
Samsung Galaxy A03 Core 32GB Черный,8 490 ₽,Online Trade,https://www.onlinetrade.ru/catalogue/smartfony-c13/samsung/smartfon_samsung_galaxy_a03_core_32gb_chernyy_sm_a032fzkdser-2916401.html
Apple iPhone 12 128GB Зелёный,69 990 ₽,Online Trade,https://www.onlinetrade.ru/catalogue/smartfony-c13/apple/smartfon_apple_iphone_12_128gb_zelenyy_mgjf3ru_a-2328474.html
ITEL A25 Синий,4 490 ₽,Online Trade,https://www.onlinetrade.ru/catalogue/smartfony-c13/itel/smartfon_itel_a25_siniy_itl_a25_grsbl-2344155.html
Apple iPhone 11 128 GB Белый,54 990 ₽,Online Trade,https://www.onlinetrade.ru/catalogue/smartfony-c13/apple/smartfon_apple_iphone_11_128_gb_belyy_mhdj3ru_a-2405206.html
Apple iPhone 11 64 GB Белый,49 990 ₽,Online Trade,https://www.onlinetrade.ru/catalogue/smartfony-c13/apple/smartfon_apple_iphone_11_64_gb_belyy_mhdc3ru_a-2407190.html
Samsung Galaxy S21 Ultra 5G 512GB Черный Фантом,114 990 ₽,Online Trade,https://www.onlinetrade.ru/catalogue/smartfony-c13/samsung/smartfon_samsung_galaxy_s21_ultra_5g_512gb_chernyy_fantom_sm_g998bzkhser-2444857.html
Apple iPhone 12 64GB Фиолетовый,64 990 ₽,Online Trade,https://www.onlinetrade.ru/catalogue/smartfony-c13/apple/smartfon_apple_iphone_12_64gb_fioletovyy_mjnm3ru_a-2606001.html
OPPO A54 4/64GB черный,14 990 ₽,Online Trade,https://www.onlinetrade.ru/catalogue/smartfony-c13/oppo/smartfon_oppo_a54_4_64gb_chernyy_opp_2239.4_64.bk-2618556.html
Samsung Galaxy M12 32Gb Синий,11 990 ₽,Online Trade,https://www.onlinetrade.ru/catalogue/smartfony-c13/samsung/smartfon_samsung_galaxy_m12_32gb_siniy_sm_m127flbuser-2654597.html
TECNO Pova 2 4/64Gb Черный,13 990 ₽,Online Trade,https://www.onlinetrade.ru/catalogue/smartfony-c13/tecno/smartfon_tecno_pova_2_4_64gb_chernyy_tcn_le7n.64.dabl-2684741.html
POCO M3 Pro 6/128GB Черный,19 990 ₽,Online Trade,https://www.onlinetrade.ru/catalogue/smartfony-c13/poco/smartfon_poco_m3_pro_6_128gb_chernyy_x34425-2679742.html
BQ 6022G Aura Фиолетовый,5 290 ₽,Online Trade,https://www.onlinetrade.ru/catalogue/smartfony-c13/bq/smartfon_bq_6022g_aura_fioletovyy_4630055245499-2691113.html
Samsung Galaxy S20 FE (2021) 128GB Синий,41 990 ₽,Online Trade,https://www.onlinetrade.ru/catalogue/smartfony-c13/samsung/smartfon_samsung_galaxy_s20_fe_2021_128gb_siniy_sm_g780gzbmser-2750770.html
Apple iPhone 13 512GB Тёмная ночь,109 990 ₽,Online Trade,https://www.onlinetrade.ru/catalogue/smartfony-c13/apple/smartfon_apple_iphone_13_512gb_temnaya_noch_mlp83ru_a-2804235.html
Apple iPhone 13 Pro 128GB Серебристый,104 990 ₽,Online Trade,https://www.onlinetrade.ru/catalogue/smartfony-c13/apple/smartfon_apple_iphone_13_pro_128gb_serebristyy_mlw23ru_a-2804237.html
Xiaomi 11T 8/128Gb Голубой,39 990 ₽,Online Trade,https://www.onlinetrade.ru/catalogue/smartfony-c13/xiaomi/smartfon_xiaomi_11t_8_128gb_goluboy_x35021-2847171.html
OPPO A16 3/32GB черный,12 990 ₽,Online Trade,https://www.onlinetrade.ru/catalogue/smartfony-c13/oppo/smartfon_oppo_a16_3_32gb_chernyy_opp_2269.3_32.bk-2859879.html
Huawei Nova 8i 6/128Gb Лунное серебро,19 990 ₽,Online Trade,https://www.onlinetrade.ru/catalogue/smartfony-c13/huawei/smartfon_huawei_nova_8i_6_128gb_lunnoe_serebro_51096kmb-2883415.html
ZTE Blade A31 Plus Синий,6 490 ₽,Online Trade,https://www.onlinetrade.ru/catalogue/smartfony-c13/zte/smartfon_zte_blade_a31_plus_siniy_zte_a31.plus.bl-2891519.html
Blackview BV4900 Pro черно-оранжевый,13 990 ₽,Online Trade,https://www.onlinetrade.ru/catalogue/smartfony-c13/blackview/smartfon_blackview_bv4900_pro_cherno_oranzhevyy_bv4900_pro_black_orange-2907214.html
Samsung Galaxy A03s 32GB Черный,10 990 ₽,Online Trade,https://www.onlinetrade.ru/catalogue/smartfony-c13/samsung/smartfon_samsung_galaxy_a03s_32gb_chernyy_sm_a037fzkdser-2918443.html
ZTE Blade A3 (2020) NFC Красный,5 990 ₽,Online Trade,https://www.onlinetrade.ru/catalogue/smartfony-c13/zte/smartfon_zte_blade_a3_2020_nfc_krasnyy_zte_a3.nfc.2020.rd-2170702.html
ZTE Blade A3 (2020) NFC Лиловый,5 990 ₽,Online Trade,https://www.onlinetrade.ru/catalogue/smartfony-c13/zte/smartfon_zte_blade_a3_2020_nfc_lilovyy_zte_a3.nfc.2020.vl-2170705.html
Apple iPhone 12 256GB Черный,79 990 ₽,Online Trade,https://www.onlinetrade.ru/catalogue/smartfony-c13/apple/smartfon_apple_iphone_12_256gb_chernyy_mgjg3ru_a-2328809.html
ITEL A25 Голубой,4 490 ₽,Online Trade,https://www.onlinetrade.ru/catalogue/smartfony-c13/itel/smartfon_itel_a25_goluboy_itl_a25_grbl-2344173.html
Samsung Galaxy S21+ 5G 128GB Черный Фантом,69 990 ₽,Online Trade,https://www.onlinetrade.ru/catalogue/smartfony-c13/samsung/smartfon_samsung_galaxy_s21_5g_128gb_chernyy_fantom_sm_g996bzkdser-2444872.html
Samsung Galaxy S21+ 5G 128GB Фиолетовый Фантом,69 990 ₽,Online Trade,https://www.onlinetrade.ru/catalogue/smartfony-c13/samsung/smartfon_samsung_galaxy_s21_5g_128gb_fioletovyy_fantom_sm_g996bzvdser-2444873.html
Samsung Galaxy A52 128GB Черный,27 490 ₽,Online Trade,https://www.onlinetrade.ru/catalogue/smartfony-c13/samsung/smartfon_samsung_galaxy_a52_128gb_chernyy_sm_a525fzkdser-2547950.html
Xiaomi Mi 11 Lite 8/128GB (NFC) черный,26 990 ₽,Online Trade,https://www.onlinetrade.ru/catalogue/smartfony-c13/xiaomi/smartfon_xiaomi_mi_11_lite_8_128gb_nfc_chernyy_x32935-2632473.html
Nokia X20 8/128GB Dual Sim (TA-1341) Синий,28 990 ₽,Online Trade,https://www.onlinetrade.ru/catalogue/smartfony-c13/nokia/smartfon_nokia_x20_8_128gb_dual_sim_ta_1341_siniy_101qkslvh047-2643426.html
Samsung Galaxy M12 32Gb Зеленый,11 990 ₽,Online Trade,https://www.onlinetrade.ru/catalogue/smartfony-c13/samsung/smartfon_samsung_galaxy_m12_32gb_zelenyy_sm_m127fzguser-2654591.html
Samsung Galaxy M12 64Gb Синий,14 990 ₽,Online Trade,https://www.onlinetrade.ru/catalogue/smartfony-c13/samsung/smartfon_samsung_galaxy_m12_64gb_siniy_sm_m127flbvser-2654594.html
BQ 5031G Fun Темно-синий,3 990 ₽,Online Trade,https://www.onlinetrade.ru/catalogue/smartfony-c13/bq/smartfon_bq_5031g_fun_temno_siniy_4630055246564-2690724.html
BQ 6022G Aura Синий,5 290 ₽,Online Trade,https://www.onlinetrade.ru/catalogue/smartfony-c13/bq/smartfon_bq_6022g_aura_siniy_4630055241880-2691110.html
ZTE Blade A31 Синий,6 990 ₽,Online Trade,https://www.onlinetrade.ru/catalogue/smartfony-c13/zte/smartfon_zte_blade_a31_siniy_zte_a31.32.bl-2699855.html
Samsung Galaxy S20 FE (2021) 128GB Лаванда,41 990 ₽,Online Trade,https://www.onlinetrade.ru/catalogue/smartfony-c13/samsung/smartfon_samsung_galaxy_s20_fe_2021_128gb_lavanda_sm_g780glvmser-2750773.html
OUKITEL F150 B2021 Желтый,12 990 ₽,Online Trade,https://www.onlinetrade.ru/catalogue/smartfony-c13/oukitel/smartfon_oukitel_f150_b2021_zheltyy_oukitel_f150_yellow-2748088.html
TECNO Spark 7 2/32GB Чёрный,8 990 ₽,Online Trade,https://www.onlinetrade.ru/catalogue/smartfony-c13/tecno/smartfon_tecno_spark_7_2_32gb_chernyy_tcn_kf6m.32.mabl-2768883.html
Samsung Galaxy A03s 64GB Черный,12 990 ₽,Online Trade,https://www.onlinetrade.ru/catalogue/smartfony-c13/samsung/smartfon_samsung_galaxy_a03s_64gb_chernyy_sm_a037fzkgser-2774112.html
realme C21Y 4/64GB голубой,11 490 ₽,Online Trade,https://www.onlinetrade.ru/catalogue/smartfony-c13/realme/smartfon_realme_c21y_4_64gb_goluboy_rlm_3261.4_64.bl-2778549.html
Apple iPhone 13 mini 128GB Розовый,69 990 ₽,Online Trade,https://www.onlinetrade.ru/catalogue/smartfony-c13/apple/smartfon_apple_iphone_13_mini_128gb_rozovyy_mllx3ru_a-2804200.html
CAT S42H+ черный,26 990 ₽,Online Trade,https://www.onlinetrade.ru/catalogue/smartfony-c13/caterpillar/smartfon_cat_s42h_chernyy_cat_s42hplus_bk-2852981.html
Xiaomi 11T Pro 8/128Gb Синий,53 990 ₽,Online Trade,https://www.onlinetrade.ru/catalogue/smartfony-c13/xiaomi/smartfon_xiaomi_11t_pro_8_128gb_siniy_x34877-2857207.html
realme 8i 4/64GB фиолетовый,15 990 ₽,Online Trade,https://www.onlinetrade.ru/catalogue/smartfony-c13/realme/smartfon_realme_8i_4_64gb_fioletovyy_rlm_3151.4_64.pu-2911319.html
Blackview BV6600E черно-зеленый,12 990 ₽,Online Trade,https://www.onlinetrade.ru/catalogue/smartfony-c13/blackview/smartfon_blackview_bv6600e_cherno_zelenyy_bv6600e_black_green-2924098.html
Motorola DEFY Черный,29 990 ₽,Online Trade,https://www.onlinetrade.ru/catalogue/smartfony-c13/motorola/smartfon_motorola_defy_chernyy_mot_defy_bk-2931074.html
OUKITEL WP5 Pro Черный,12 390 ₽,Online Trade,https://www.onlinetrade.ru/catalogue/smartfony-c13/oukitel/smartfon_oukitel_wp5_pro_chernyy_oukitel_wp5_pro_black-2252548.html
Apple iPhone 12 64GB Белый,64 990 ₽,Online Trade,https://www.onlinetrade.ru/catalogue/smartfony-c13/apple/smartfon_apple_iphone_12_64gb_belyy_mgj63ru_a-2328448.html
Apple iPhone 12 64GB (PRODUCT)RED,64 990 ₽,Online Trade,https://www.onlinetrade.ru/catalogue/smartfony-c13/apple/smartfon_apple_iphone_12_64gb_product_red_mgj73ru_a-2328460.html
Nokia 2.4 2/32GB Dual Sim (TA-1270) Фиолетовый,8 990 ₽,Online Trade,https://www.onlinetrade.ru/catalogue/smartfony-c13/nokia/smartfon_nokia_2.4_2_32gb_dual_sim_ta_1270_fioletovyy_719901126611-2361486.html
Apple iPhone SE (2020) 128 GB Белый,44 990 ₽,Online Trade,https://www.onlinetrade.ru/catalogue/smartfony-c13/apple/smartfon_apple_iphone_se_2020_128_gb_belyy_mhgu3ru_a-2375438.html
ZTE Blade L210 Черный,5 290 ₽,Online Trade,https://www.onlinetrade.ru/catalogue/smartfony-c13/zte/smartfon_zte_blade_l210_chernyy_zte_blade.l210.bk-2373116.html
Apple iPhone 11 64 GB Фиолетовый,49 990 ₽,Online Trade,https://www.onlinetrade.ru/catalogue/smartfony-c13/apple/smartfon_apple_iphone_11_64_gb_fioletovyy_mhdf3ru_a-2403696.html
VIVO Y31 4/128GB Чёрный асфальт,16 990 ₽,Online Trade,https://www.onlinetrade.ru/catalogue/smartfony-c13/vivo/smartfon_vivo_y31_4_128gb_chernyy_asfalt_y31_racing_black_vivo_v2036-2505615.html
Samsung Galaxy A32 128GB Голубой,21 990 ₽,Online Trade,https://www.onlinetrade.ru/catalogue/smartfony-c13/samsung/smartfon_samsung_galaxy_a32_128gb_goluboy_sm_a325fzbgser-2535366.html
Samsung Galaxy A52 256GB Черный,31 990 ₽,Online Trade,https://www.onlinetrade.ru/catalogue/smartfony-c13/samsung/smartfon_samsung_galaxy_a52_256gb_chernyy_sm_a525fzkiser-2547951.html
Apple iPhone 12 128GB Фиолетовый,69 990 ₽,Online Trade,https://www.onlinetrade.ru/catalogue/smartfony-c13/apple/smartfon_apple_iphone_12_128gb_fioletovyy_mjnp3ru_a-2606002.html
realme 8 Pro 6/128GB синий,25 990 ₽,Online Trade,https://www.onlinetrade.ru/catalogue/smartfony-c13/realme/smartfon_realme_8_pro_6_128gb_siniy_rlm_3081.6_128.bl-2642324.html
realme C21 3/32GB голубой,10 990 ₽,Online Trade,https://www.onlinetrade.ru/catalogue/smartfony-c13/realme/smartfon_realme_c21_3_32gb_goluboy_rlm_3201.3_32.bl-2652572.html
BQ 6631G Surf Черный,6 290 ₽,Online Trade,https://www.onlinetrade.ru/catalogue/smartfony-c13/bq/smartfon_bq_6631g_surf_chernyy_4630055245703-2691114.html
Samsung Galaxy Z Fold3 512Gb Зеленый,169 990 ₽,Online Trade,https://www.onlinetrade.ru/catalogue/smartfony-c13/samsung/smartfon_samsung_galaxy_z_fold3_512gb_zelenyy_sm_f926bzggser-2756038.html
Huawei nova 8 8/128Gb Пудровый розовый,27 990 ₽,Online Trade,https://www.onlinetrade.ru/catalogue/smartfony-c13/huawei/smartfon_huawei_nova_8_8_128gb_pudrovyy_rozovyy_51096ntp-2770967.html
Apple iPhone 13 mini 256GB Синий,79 990 ₽,Online Trade,https://www.onlinetrade.ru/catalogue/smartfony-c13/apple/smartfon_apple_iphone_13_mini_256gb_siniy_mlm83ru_a-2804204.html
Apple iPhone 13 mini 256GB Тёмная ночь,79 990 ₽,Online Trade,https://www.onlinetrade.ru/catalogue/smartfony-c13/apple/smartfon_apple_iphone_13_mini_256gb_temnaya_noch_mlm43ru_a-2804207.html
Apple iPhone 13 mini 256GB Сияющая звезда,79 990 ₽,Online Trade,https://www.onlinetrade.ru/catalogue/smartfony-c13/apple/smartfon_apple_iphone_13_mini_256gb_siyayushchaya_zvezda_mlm53ru_a-2804210.html
Apple iPhone 13 mini 256GB (PRODUCT) RED,79 990 ₽,Online Trade,https://www.onlinetrade.ru/catalogue/smartfony-c13/apple/smartfon_apple_iphone_13_mini_256gb_product_red_mlm73ru_a-2804213.html
Apple iPhone 13 256GB Розовый,89 990 ₽,Online Trade,https://www.onlinetrade.ru/catalogue/smartfony-c13/apple/smartfon_apple_iphone_13_256gb_rozovyy_mlp53ru_a-2804226.html
Apple iPhone 13 512GB Синий,109 990 ₽,Online Trade,https://www.onlinetrade.ru/catalogue/smartfony-c13/apple/smartfon_apple_iphone_13_512gb_siniy_mlpd3ru_a-2804233.html
Samsung Galaxy M22 128Gb Черный,18 990 ₽,Online Trade,https://www.onlinetrade.ru/catalogue/smartfony-c13/samsung/smartfon_samsung_galaxy_m22_128gb_chernyy_sm_m225fzkgser-2825759.html
VIVO Y53S 6/128Gb Глубокое море,19 990 ₽,Online Trade,https://www.onlinetrade.ru/catalogue/smartfony-c13/vivo/smartfon_vivo_y53s_6_128gb_glubokoe_more_y53s_deep_sea_blue_vivo_v2058-2844575.html
Samsung Galaxy M52 128Gb Белый,31 990 ₽,Online Trade,https://www.onlinetrade.ru/catalogue/smartfony-c13/samsung/smartfon_samsung_galaxy_m52_128gb_belyy_sm_m526bzwhser-2855240.html
realme 8i 4/128GB фиолетовый,17 990 ₽,Online Trade,https://www.onlinetrade.ru/catalogue/smartfony-c13/realme/smartfon_realme_8i_4_128gb_fioletovyy_rlm_3151.4_128.pu-2864844.html
OUKITEL WP12 Pro Синий,10 990 ₽,Online Trade,https://www.onlinetrade.ru/catalogue/smartfony-c13/oukitel/smartfon_oukitel_wp12_pro_siniy_oukitel_wp12_pro_blue-2886539.html
OUKITEL K15 Plus Черный,12 290 ₽,Online Trade,https://www.onlinetrade.ru/catalogue/smartfony-c13/oukitel/smartfon_oukitel_k15_plus_chernyy_oukitel_k15_plus_black-2886540.html
ZTE Blade A31 Plus Серый,6 490 ₽,Online Trade,https://www.onlinetrade.ru/catalogue/smartfony-c13/zte/smartfon_zte_blade_a31_plus_seryy_zte_a31.plus.gr-2891521.html
POCO M4 Pro 5G 4/64GB Черный,18 980 ₽,Online Trade,https://www.onlinetrade.ru/catalogue/smartfony-c13/poco/smartfon_poco_m4_pro_5g_4_64gb_chernyy_x36506-2932630.html
OUKITEL WP5 Pro Оранжевый,12 390 ₽,Online Trade,https://www.onlinetrade.ru/catalogue/smartfony-c13/oukitel/smartfon_oukitel_wp5_pro_oranzhevyy_oukitel_wp5_pro_orange-2252550.html
Doogee S58 Pro Черный,15 990 ₽,Online Trade,https://www.onlinetrade.ru/catalogue/smartfony-c13/doogee/smartfon_doogee_s58_pro_chernyy_s58_pro_mineral_black-2280548.html
Apple iPhone 12 64GB Зелёный,64 990 ₽,Online Trade,https://www.onlinetrade.ru/catalogue/smartfony-c13/apple/smartfon_apple_iphone_12_64gb_zelenyy_mgj93ru_a-2328456.html
Apple iPhone 12 128GB Белый,69 990 ₽,Online Trade,https://www.onlinetrade.ru/catalogue/smartfony-c13/apple/smartfon_apple_iphone_12_128gb_belyy_mgjc3ru_a-2328472.html
Nokia 3.4 3/64GB Dual sim (TA-1283) Серый,10 990 ₽,Online Trade,https://www.onlinetrade.ru/catalogue/smartfony-c13/nokia/smartfon_nokia_3.4_3_64gb_dual_sim_ta_1283_seryy_hq5020kd13000-2405562.html
Doogee S40 Pro 64GB Оранжевый,13 990 ₽,Online Trade,https://www.onlinetrade.ru/catalogue/smartfony-c13/doogee/smartfon_doogee_s40_pro_64gb_oranzhevyy_s40_pro_fire_orange-2461312.html
Samsung Galaxy A32 64GB Черный,19 990 ₽,Online Trade,https://www.onlinetrade.ru/catalogue/smartfony-c13/samsung/smartfon_samsung_galaxy_a32_64gb_chernyy_sm_a325fzkdser-2519505.html
Samsung Galaxy A52 256GB Синий,31 990 ₽,Online Trade,https://www.onlinetrade.ru/catalogue/smartfony-c13/samsung/smartfon_samsung_galaxy_a52_256gb_siniy_sm_a525fzbiser-2547953.html
Apple iPhone 12 256GB Фиолетовый,79 990 ₽,Online Trade,https://www.onlinetrade.ru/catalogue/smartfony-c13/apple/smartfon_apple_iphone_12_256gb_fioletovyy_mjnq3ru_a-2606004.html
Nokia X20 8/128GB Dual Sim (TA-1341) Песочный,28 990 ₽,Online Trade,https://www.onlinetrade.ru/catalogue/smartfony-c13/nokia/smartfon_nokia_x20_8_128gb_dual_sim_ta_1341_pesochnyy_101qkslvh046-2643425.html
Nokia 1.4 2/32GB Dual Sim (TA-1322) Серый,7 990 ₽,Online Trade,https://www.onlinetrade.ru/catalogue/smartfony-c13/nokia/smartfon_nokia_1.4_2_32gb_dual_sim_ta_1322_seryy_f20btx1362009-2678607.html
BQ 5031G Fun Морская волна синяя,3 990 ₽,Online Trade,https://www.onlinetrade.ru/catalogue/smartfony-c13/bq/smartfon_bq_5031g_fun_morskaya_volna_sinyaya_4630055246571-2690725.html
ZTE Blade A31 Серый,6 990 ₽,Online Trade,https://www.onlinetrade.ru/catalogue/smartfony-c13/zte/smartfon_zte_blade_a31_seryy_zte_a31.32.gr-2699854.html
ZTE Blade A51 lite 2/32Gb Черный,7 490 ₽,Online Trade,https://www.onlinetrade.ru/catalogue/smartfony-c13/zte/smartfon_zte_blade_a51_lite_2_32gb_chernyy_zte_a51.lite.bk-2699856.html
TCL 20 SE 128GB Зеленый,14 490 ₽,Online Trade,https://www.onlinetrade.ru/catalogue/smartfony-c13/tcl/smartfon_tcl_20_se_128gb_zelenyy_t671f_2blcru12-2752586.html
Blackview BV4900 черный,9 990 ₽,Online Trade,https://www.onlinetrade.ru/catalogue/smartfony-c13/blackview/smartfon_blackview_bv4900_chernyy_bv4900_black-2756302.html
Samsung Galaxy Z Fold3 512Gb Черный,169 990 ₽,Online Trade,https://www.onlinetrade.ru/catalogue/smartfony-c13/samsung/smartfon_samsung_galaxy_z_fold3_512gb_chernyy_sm_f926bzkgser-2756028.html
Nokia XR20 6/128GB Dual Sim (TA-1362) Серый,44 990 ₽,Online Trade,https://www.onlinetrade.ru/catalogue/smartfony-c13/nokia/smartfon_nokia_xr20_6_128gb_dual_sim_ta_1362_seryy_vma750s9fi1cn0-2765379.html
Samsung Galaxy A03s 64GB Белый,12 990 ₽,Online Trade,https://www.onlinetrade.ru/catalogue/smartfony-c13/samsung/smartfon_samsung_galaxy_a03s_64gb_belyy_sm_a037fzwgser-2774234.html
Doogee S59 Pro Оранжевый,16 990 ₽,Online Trade,https://www.onlinetrade.ru/catalogue/smartfony-c13/doogee/smartfon_doogee_s59_pro_oranzhevyy_s59_pro_fire_orange-2776077.html
Apple iPhone 13 Pro 256GB Небесно-голубой,114 990 ₽,Online Trade,https://www.onlinetrade.ru/catalogue/smartfony-c13/apple/smartfon_apple_iphone_13_pro_256gb_nebesno_goluboy_mlw83ru_a-2804246.html
Nokia C30 3/64GB Dual Sim (TA-1359) Зеленый,10 990 ₽,Online Trade,https://www.onlinetrade.ru/catalogue/smartfony-c13/nokia/smartfon_nokia_c30_3_64gb_dual_sim_ta_1359_zelenyy_286663565-2816243.html
Samsung Galaxy S20 FE (2021) 128GB Красный,41 990 ₽,Online Trade,https://www.onlinetrade.ru/catalogue/smartfony-c13/samsung/smartfon_samsung_galaxy_s20_fe_2021_128gb_krasnyy_sm_g780gzrmser-2825756.html
realme GT Master Edition 8/256GB серый,32 990 ₽,Online Trade,https://www.onlinetrade.ru/catalogue/smartfony-c13/realme/smartfon_realme_gt_master_edition_8_256gb_seryy_rlm_3363.8_256.gr-2826315.html
OUKITEL WP12 Pro Красный,10 990 ₽,Online Trade,https://www.onlinetrade.ru/catalogue/smartfony-c13/oukitel/smartfon_oukitel_wp12_pro_krasnyy_oukitel_wp12_pro_red-2833840.html
realme 8i 4/128GB черный,17 990 ₽,Online Trade,https://www.onlinetrade.ru/catalogue/smartfony-c13/realme/smartfon_realme_8i_4_128gb_chernyy_rlm_3151.4_128.bk-2845152.html
Samsung Galaxy A22s 128Gb Серый,21 990 ₽,Online Trade,https://www.onlinetrade.ru/catalogue/smartfony-c13/samsung/smartfon_samsung_galaxy_a22s_128gb_seryy_sm_a226bzavser-2930073.html
TCL 20B 64GB Серый,13 990 ₽,Online Trade,https://www.onlinetrade.ru/catalogue/smartfony-c13/tcl/smartfon_tcl_20b_64gb_seryy_6159k_space_gray-2931071.html
POCO M4 Pro 5G 4/64GB Синий,18 980 ₽,Online Trade,https://www.onlinetrade.ru/catalogue/smartfony-c13/poco/smartfon_poco_m4_pro_5g_4_64gb_siniy_x36498-2932629.html
BQ 5016G Choice Wine Red,4 490 ₽,Online Trade,https://www.onlinetrade.ru/catalogue/smartfony-c13/bq/smartfon_bq_5016g_choice_wine_red_4630055243198-2176512.html
BQ 5045L Wallet Зеленый,4 590 ₽,Online Trade,https://www.onlinetrade.ru/catalogue/smartfony-c13/bq/smartfon_bq_5045l_wallet_zelenyy_4630055245109-2297077.html
Samsung Galaxy A52 256GB Фиолетовый,31 990 ₽,Online Trade,https://www.onlinetrade.ru/catalogue/smartfony-c13/samsung/smartfon_samsung_galaxy_a52_256gb_fioletovyy_sm_a525flviser-2547955.html
Nokia 5.4 4/128GB Dual sim (TA-1337) Синий,13 990 ₽,Online Trade,https://www.onlinetrade.ru/catalogue/smartfony-c13/nokia/smartfon_nokia_5.4_4_128gb_dual_sim_ta_1337_siniy_hq5020lf99000-2580442.html
BQ 5740G Spring Зеленый гардиент,4 490 ₽,Online Trade,https://www.onlinetrade.ru/catalogue/smartfony-c13/bq/smartfon_bq_5740g_spring_zelenyy_gardient_4630055245307-2586120.html
POCO F3 6/128GB Черный,29 490 ₽,Online Trade,https://www.onlinetrade.ru/catalogue/smartfony-c13/poco/smartfon_poco_f3_6_128gb_chernyy_x31085-2614212.html
POCO F3 6/128GB Белый,29 490 ₽,Online Trade,https://www.onlinetrade.ru/catalogue/smartfony-c13/poco/smartfon_poco_f3_6_128gb_belyy_x32199-2614215.html
ZTE Blade A71 Серый,9 990 ₽,Online Trade,https://www.onlinetrade.ru/catalogue/smartfony-c13/zte/smartfon_zte_blade_a71_seryy_zte_blade.a71.gr-2642320.html
Xiaomi Redmi Note 10T 4/128GB Серый,19 490 ₽,Online Trade,https://www.onlinetrade.ru/catalogue/smartfony-c13/xiaomi/smartfon_xiaomi_redmi_note_10t_4_128gb_seryy_x33309-2685623.html
TCL 20E 64GB Черный,10 990 ₽,Online Trade,https://www.onlinetrade.ru/catalogue/smartfony-c13/tcl/smartfon_tcl_20e_64gb_chernyy_6125h_2alcru12-2752570.html
Nokia G10 3/32GB Dual Sim (TA-1334) Фиолетовый,9 990 ₽,Online Trade,https://www.onlinetrade.ru/catalogue/smartfony-c13/nokia/smartfon_nokia_g10_3_32gb_dual_sim_ta_1334_fioletovyy_719901148411-2753611.html
Nokia C20 2/32GB Dual Sim (TA-1352) Песочный,7 490 ₽,Online Trade,https://www.onlinetrade.ru/catalogue/smartfony-c13/nokia/smartfon_nokia_c20_2_32gb_dual_sim_ta_1352_pesochnyy_286664736-2753928.html
Blackview BV4900 черно-оранжевый,9 990 ₽,Online Trade,https://www.onlinetrade.ru/catalogue/smartfony-c13/blackview/smartfon_blackview_bv4900_cherno_oranzhevyy_bv4900_black_orange-2756301.html
Blackview BV5100 4/64Gb серый,14 490 ₽,Online Trade,https://www.onlinetrade.ru/catalogue/smartfony-c13/blackview/smartfon_blackview_bv5100_4_64gb_seryy_bv5100_grey_64gb-2756304.html
Samsung Galaxy Z Flip3 128Gb Бежевый,79 990 ₽,Online Trade,https://www.onlinetrade.ru/catalogue/smartfony-c13/samsung/smartfon_samsung_galaxy_z_flip3_128gb_bezhevyy_sm_f711bzeaser-2756055.html
TCL 20L+ 256GB Млечный серый,22 990 ₽,Online Trade,https://www.onlinetrade.ru/catalogue/smartfony-c13/tcl/smartfon_tcl_20l_256gb_mlechnyy_seryy_t775h_2alcru12-2764008.html
Nokia C20 2/32GB Dual Sim (TA-1352) Синий,7 490 ₽,Online Trade,https://www.onlinetrade.ru/catalogue/smartfony-c13/nokia/smartfon_nokia_c20_2_32gb_dual_sim_ta_1352_siniy_286651859-2765381.html
BQ-6645L Element Черный Графит,7 990 ₽,Online Trade,https://www.onlinetrade.ru/catalogue/smartfony-c13/bq/smartfon_bq_6645l_element_chernyy_grafit_4630055247950-2768965.html
realme GT Master Edition 6/128GB серый,29 990 ₽,Online Trade,https://www.onlinetrade.ru/catalogue/smartfony-c13/realme/smartfon_realme_gt_master_edition_6_128gb_seryy_rlm_3363.6_128.gr-2792884.html
OPPO Reno 6 8/128Gb черный,32 990 ₽,Online Trade,https://www.onlinetrade.ru/catalogue/smartfony-c13/oppo/smartfon_oppo_reno_6_8_128gb_chernyy_opp_2235.8_128.bk-2799069.html
Apple iPhone 13 mini 256GB Розовый,79 990 ₽,Online Trade,https://www.onlinetrade.ru/catalogue/smartfony-c13/apple/smartfon_apple_iphone_13_mini_256gb_rozovyy_mlm63ru_a-2804201.html
realme GT Master Edition 8/256GB перламутр розовый,32 990 ₽,Online Trade,https://www.onlinetrade.ru/catalogue/smartfony-c13/realme/smartfon_realme_gt_master_edition_8_256gb_perlamutr_rozovyy_rlm_3363.8_256.bl-2826318.html
Xiaomi 11T 8/256Gb Белый,44 990 ₽,Online Trade,https://www.onlinetrade.ru/catalogue/smartfony-c13/xiaomi/smartfon_xiaomi_11t_8_256gb_belyy_x35026-2857246.html
Xiaomi 11 Lite 5G NE 6/128Gb Синий,26 990 ₽,Online Trade,https://www.onlinetrade.ru/catalogue/smartfony-c13/xiaomi/smartfon_xiaomi_11_lite_5g_ne_6_128gb_siniy_x35742-2858956.html
OUKITEL C19 Зеленый,6 890 ₽,Online Trade,https://www.onlinetrade.ru/catalogue/smartfony-c13/oukitel/smartfon_oukitel_c19_zelenyy_oukitel_c19_green-2886536.html
ZTE Blade L9 1/32Gb Синий,4 790 ₽,Online Trade,https://www.onlinetrade.ru/catalogue/smartfony-c13/zte/smartfon_zte_blade_l9_1_32gb_siniy_zte_l9.32.bl-2911325.html
POCO M4 Pro 5G 4/64GB Желтый,18 980 ₽,Online Trade,https://www.onlinetrade.ru/catalogue/smartfony-c13/poco/smartfon_poco_m4_pro_5g_4_64gb_zheltyy_x36492-2932628.html
Xiaomi 11 Lite 5G NE 8/256Gb Синий,34 990 ₽,Online Trade,https://www.onlinetrade.ru/catalogue/smartfony-c13/xiaomi/smartfon_xiaomi_11_lite_5g_ne_8_256gb_siniy_mzb09speu-2949396.html
OUKITEL WP5 Оранжевый,11 990 ₽,Online Trade,https://www.onlinetrade.ru/catalogue/smartfony-c13/oukitel/smartfon_oukitel_wp5_oranzhevyy_oukitel_wp5_orange-2252557.html
Alcatel 1SE 5030D Grey,9 490 ₽,Online Trade,https://www.onlinetrade.ru/catalogue/smartfony-c13/alcatel/smartfon_alcatel_1se_5030d_grey_5030d_2aalru2-2252853.html
BQ 5045L Wallet Синий,4 590 ₽,Online Trade,https://www.onlinetrade.ru/catalogue/smartfony-c13/bq/smartfon_bq_5045l_wallet_siniy_4630055245086-2297075.html
Nokia 2.4 2/32GB Dual Sim (TA-1270) Серый,8 990 ₽,Online Trade,https://www.onlinetrade.ru/catalogue/smartfony-c13/nokia/smartfon_nokia_2.4_2_32gb_dual_sim_ta_1270_seryy_719901126601-2299765.html
Apple iPhone 12 128GB Синий,69 990 ₽,Online Trade,https://www.onlinetrade.ru/catalogue/smartfony-c13/apple/smartfon_apple_iphone_12_128gb_siniy_mgje3ru_a-2328476.html
Apple iPhone 12 256GB (PRODUCT)RED,79 990 ₽,Online Trade,https://www.onlinetrade.ru/catalogue/smartfony-c13/apple/smartfon_apple_iphone_12_256gb_product_red_mgjj3ru_a-2328804.html
Nokia 2.4 2/32GB Dual Sim (TA-1270) Синий,8 990 ₽,Online Trade,https://www.onlinetrade.ru/catalogue/smartfony-c13/nokia/smartfon_nokia_2.4_2_32gb_dual_sim_ta_1270_siniy_719901126621-2372540.html
Samsung Galaxy S21 Ultra 5G 128GB Черный Фантом,96 990 ₽,Online Trade,https://www.onlinetrade.ru/catalogue/smartfony-c13/samsung/smartfon_samsung_galaxy_s21_ultra_5g_128gb_chernyy_fantom_sm_g998bzkdser-2444865.html
OPPO Reno 5 Lite 8/128Gb черный,25 990 ₽,Online Trade,https://www.onlinetrade.ru/catalogue/smartfony-c13/oppo/smartfon_oppo_reno_5_lite_8_128gb_chernyy_opp_2205.8_128.bk-2559954.html
OPPO Reno 5 Lite 8/128Gb лиловый,25 990 ₽,Online Trade,https://www.onlinetrade.ru/catalogue/smartfony-c13/oppo/smartfon_oppo_reno_5_lite_8_128gb_lilovyy_opp_2205.8_128.pu-2559956.html
BQ 5740G Spring Чёрный,4 490 ₽,Online Trade,https://www.onlinetrade.ru/catalogue/smartfony-c13/bq/smartfon_bq_5740g_spring_chernyy_4630055245284-2586117.html
BQ 5740G Spring Синий гардиент,4 490 ₽,Online Trade,https://www.onlinetrade.ru/catalogue/smartfony-c13/bq/smartfon_bq_5740g_spring_siniy_gardient_4630055245291-2586119.html
OPPO A74 4/128GB черный,19 990 ₽,Online Trade,https://www.onlinetrade.ru/catalogue/smartfony-c13/oppo/smartfon_oppo_a74_4_128gb_chernyy_opp_2219.4_128.bk-2599428.html
OPPO A54 4/128GB синий,16 990 ₽,Online Trade,https://www.onlinetrade.ru/catalogue/smartfony-c13/oppo/smartfon_oppo_a54_4_128gb_siniy_5994679-2599434.html
Nokia X10 6/128GB Dual Sim (TA-1332) Белый,23 990 ₽,Online Trade,https://www.onlinetrade.ru/catalogue/smartfony-c13/nokia/smartfon_nokia_x10_6_128gb_dual_sim_ta_1332_belyy_101scalth020-2664224.html
OPPO A54 4/128GB черный,16 990 ₽,Online Trade,https://www.onlinetrade.ru/catalogue/smartfony-c13/oppo/smartfon_oppo_a54_4_128gb_chernyy_opp_2239.4_128.bk-2599431.html
TECNO Spark 7 4/64GB Зеленый,10 990 ₽,Online Trade,https://www.onlinetrade.ru/catalogue/smartfony-c13/tecno/smartfon_tecno_spark_7_4_64gb_zelenyy_tcn_kf6n.64.spgr-2680265.html
BQ 6631G Surf Красный,6 290 ₽,Online Trade,https://www.onlinetrade.ru/catalogue/smartfony-c13/bq/smartfon_bq_6631g_surf_krasnyy_4630055245727-2691116.html
TECNO Spark 7 4/64GB Синий,10 990 ₽,Online Trade,https://www.onlinetrade.ru/catalogue/smartfony-c13/tecno/smartfon_tecno_spark_7_4_64gb_siniy_tcn_kf6n.64.atbl-2693061.html
Nokia 1.4 3/64GB Dual Sim (TA-1322) Синий,8 990 ₽,Online Trade,https://www.onlinetrade.ru/catalogue/smartfony-c13/nokia/smartfon_nokia_1.4_3_64gb_dual_sim_ta_1322_siniy_f20btx1892026-2723280.html
TCL 20Y 64GB Синий,12 990 ₽,Online Trade,https://www.onlinetrade.ru/catalogue/smartfony-c13/tcl/smartfon_tcl_20y_64gb_siniy_6156h_2blcru12-2752594.html
Nokia XR20 6/128GB Dual Sim (TA-1362) Синий,44 990 ₽,Online Trade,https://www.onlinetrade.ru/catalogue/smartfony-c13/nokia/smartfon_nokia_xr20_6_128gb_dual_sim_ta_1362_siniy_vma750s9fi1lv0-2756093.html
Samsung Galaxy Z Flip3 128Gb Зеленый,79 990 ₽,Online Trade,https://www.onlinetrade.ru/catalogue/smartfony-c13/samsung/smartfon_samsung_galaxy_z_flip3_128gb_zelenyy_sm_f711bzgaser-2756054.html
TCL 20L+ 256GB Полярный синий,22 990 ₽,Online Trade,https://www.onlinetrade.ru/catalogue/smartfony-c13/tcl/smartfon_tcl_20l_256gb_polyarnyy_siniy_t775h_2blcru12-2764068.html
ZTE Blade A51 2/32GB Синий,7 990 ₽,Online Trade,https://www.onlinetrade.ru/catalogue/smartfony-c13/zte/smartfon_zte_blade_a51_2_32gb_siniy_zte_a51.32.bl-2768949.html
Doogee X95 Pro Синий,9 190 ₽,Online Trade,https://www.onlinetrade.ru/catalogue/smartfony-c13/doogee/smartfon_doogee_x95_pro_siniy_x95_pro_jewelry_blue-2776083.html
Doogee X96 Pro Синий,9 990 ₽,Online Trade,https://www.onlinetrade.ru/catalogue/smartfony-c13/doogee/smartfon_doogee_x96_pro_siniy_x96_pro_sky_blue-2776085.html
realme GT Master Edition 6/128GB перламутр розовый,29 990 ₽,Online Trade,https://www.onlinetrade.ru/catalogue/smartfony-c13/realme/smartfon_realme_gt_master_edition_6_128gb_perlamutr_rozovyy_rlm_3363.6_128.bl-2792883.html
Apple iPhone 13 mini 512GB Розовый,99 990 ₽,Online Trade,https://www.onlinetrade.ru/catalogue/smartfony-c13/apple/smartfon_apple_iphone_13_mini_512gb_rozovyy_mlmf3ru_a-2804202.html
Apple iPhone 13 mini 128GB (PRODUCT) RED,69 990 ₽,Online Trade,https://www.onlinetrade.ru/catalogue/smartfony-c13/apple/smartfon_apple_iphone_13_mini_128gb_product_red_mlly3ru_a-2804212.html
Apple iPhone 13 512GB (PRODUCT) RED,109 990 ₽,Online Trade,https://www.onlinetrade.ru/catalogue/smartfony-c13/apple/smartfon_apple_iphone_13_512gb_product_red_mlpc3ru_a-2804231.html
Apple iPhone 13 512GB Розовый,109 990 ₽,Online Trade,https://www.onlinetrade.ru/catalogue/smartfony-c13/apple/smartfon_apple_iphone_13_512gb_rozovyy_mlpa3ru_a-2804232.html
VIVO Y53S 6/128Gb Радужное небо,19 990 ₽,Online Trade,https://www.onlinetrade.ru/catalogue/smartfony-c13/vivo/smartfon_vivo_y53s_6_128gb_raduzhnoe_nebo_y53s_rainbow_vivo_v2058-2844597.html
Xiaomi 11T Pro 8/128Gb Черный,53 990 ₽,Online Trade,https://www.onlinetrade.ru/catalogue/smartfony-c13/xiaomi/smartfon_xiaomi_11t_pro_8_128gb_chernyy_x34906-2860957.html
CAT S62 PRO черный,59 990 ₽,Online Trade,https://www.onlinetrade.ru/catalogue/smartfony-c13/caterpillar/smartfon_cat_s62_pro_chernyy_cat_s62pro_bk-2859766.html
Xiaomi 11 Lite 5G NE 6/128Gb Белый,26 990 ₽,Online Trade,https://www.onlinetrade.ru/catalogue/smartfony-c13/xiaomi/smartfon_xiaomi_11_lite_5g_ne_6_128gb_belyy_x35639-2858646.html
Xiaomi 11 Lite 5G NE 6/128Gb Розовый,26 990 ₽,Online Trade,https://www.onlinetrade.ru/catalogue/smartfony-c13/xiaomi/smartfon_xiaomi_11_lite_5g_ne_6_128gb_rozovyy_x35668-2858863.html
Xiaomi 11 Lite 5G NE 6/128Gb Зеленый,26 990 ₽,Online Trade,https://www.onlinetrade.ru/catalogue/smartfony-c13/xiaomi/smartfon_xiaomi_11_lite_5g_ne_6_128gb_zelenyy_x37607-2889672.html
Infinix HOT 11S NFC 6/128GB Зеленый,15 990 ₽,Online Trade,https://www.onlinetrade.ru/catalogue/smartfony-c13/infinix/smartfon_infinix_hot_11s_nfc_6_128gb_zelenyy_4895180776106-2902091.html
ZTE Blade L9 1/32Gb Серый,4 790 ₽,Online Trade,https://www.onlinetrade.ru/catalogue/smartfony-c13/zte/smartfon_zte_blade_l9_1_32gb_seryy_zte_l9.32.gr-2911326.html
Samsung Galaxy S21 5G 128GB Розовый Фантом,54 990 ₽,Online Trade,https://www.onlinetrade.ru/catalogue/smartfony-c13/samsung/smartfon_samsung_galaxy_s21_5g_128gb_rozovyy_fantom_sm_g991bzidser-2918447.html
Blackview BL5000 черно-зеленый,28 990 ₽,Online Trade,https://www.onlinetrade.ru/catalogue/smartfony-c13/blackview/smartfon_blackview_bl5000_cherno_zelenyy_bl5000_black_green-2924066.html
Samsung Galaxy Z Flip3 256Gb Черный,84 990 ₽,Online Trade,https://www.onlinetrade.ru/catalogue/smartfony-c13/samsung/smartfon_samsung_galaxy_z_flip3_256gb_chernyy_sm_f711bzkfser-2925416.html
Samsung Galaxy A22s 64Gb Серый,19 990 ₽,Online Trade,https://www.onlinetrade.ru/catalogue/smartfony-c13/samsung/smartfon_samsung_galaxy_a22s_64gb_seryy_sm_a226bzauser-2930070.html
Samsung Galaxy A22s 128Gb Белый,21 990 ₽,Online Trade,https://www.onlinetrade.ru/catalogue/smartfony-c13/samsung/smartfon_samsung_galaxy_a22s_128gb_belyy_sm_a226bzwvser-2930074.html
TCL 20B 64GB Фиолетовый,13 990 ₽,Online Trade,https://www.onlinetrade.ru/catalogue/smartfony-c13/tcl/smartfon_tcl_20b_64gb_fioletovyy_6159k_nebula_purple-2931070.html
realme 8i 4/64GB черный,15 990 ₽,Online Trade,https://www.onlinetrade.ru/catalogue/smartfony-c13/realme/smartfon_realme_8i_4_64gb_chernyy_rlm_3151.4_64.bk-2949042.html
realme C25S 4/64GB синий,12 990 ₽,Online Trade,https://www.onlinetrade.ru/catalogue/smartfony-c13/realme/smartfon_realme_c25s_4_64gb_siniy_rlm_3195.4_64.bl-2949045.html
Doogee X90 Золотой,4 990 ₽,Online Trade,https://www.onlinetrade.ru/catalogue/smartfony-c13/doogee/smartfon_doogee_x90_zolotoy_x90_gold-1890611.html
Doogee S68 Pro Оранжевый,19 990 ₽,Online Trade,https://www.onlinetrade.ru/catalogue/smartfony-c13/doogee/smartfon_doogee_s68_pro_oranzhevyy_s68_pro_fire_orange-2134347.html
Alcatel 1SE 5030D Green,9 490 ₽,Online Trade,https://www.onlinetrade.ru/catalogue/smartfony-c13/alcatel/smartfon_alcatel_1se_5030d_green_5030d_2balru2-2252856.html
BQ-5045L Wallet Черный,4 590 ₽,Online Trade,https://www.onlinetrade.ru/catalogue/smartfony-c13/bq/smartfon_bq_5045l_wallet_chernyy_4630055245093-2297074.html
Apple iPhone 12 64GB Синий,64 990 ₽,Online Trade,https://www.onlinetrade.ru/catalogue/smartfony-c13/apple/smartfon_apple_iphone_12_64gb_siniy_mgj83ru_a-2328449.html
Doogee N20 Pro Зеленый,13 990 ₽,Online Trade,https://www.onlinetrade.ru/catalogue/smartfony-c13/doogee/smartfon_doogee_n20_pro_zelenyy_n20_pro_fantasy_forest-2461130.html
Doogee N20 Pro Синий,13 990 ₽,Online Trade,https://www.onlinetrade.ru/catalogue/smartfony-c13/doogee/smartfon_doogee_n20_pro_siniy_n20_pro_streamer_purple-2461138.html
Doogee S40 Pro 64GB Черно-зеленый,14 490 ₽,Online Trade,https://www.onlinetrade.ru/catalogue/smartfony-c13/doogee/smartfon_doogee_s40_pro_64gb_cherno_zelenyy_s40_pro_army_green-2461310.html
Doogee S40 Pro 64GB Черный,14 490 ₽,Online Trade,https://www.onlinetrade.ru/catalogue/smartfony-c13/doogee/smartfon_doogee_s40_pro_64gb_chernyy_s40_pro_mineral_black-2461316.html
Doogee S40 Mineral Black (Уценка - У1),6 790 ₽,Online Trade,https://www.onlinetrade.ru/catalogue/smartfony-c13/doogee/smartfon_doogee_s40_mineral_black_utsenka_u1_s40_mineral_black_1-2678563.html
BQ 5031G Fun Графит,3 990 ₽,Online Trade,https://www.onlinetrade.ru/catalogue/smartfony-c13/bq/smartfon_bq_5031g_fun_grafit_4630055246557-2690723.html
BQ 5533G Fresh Графитовый,4 290 ₽,Online Trade,https://www.onlinetrade.ru/catalogue/smartfony-c13/bq/smartfon_bq_5533g_fresh_grafitovyy_4630055246595-2691099.html
BQ 6022G Aura Черный,5 290 ₽,Online Trade,https://www.onlinetrade.ru/catalogue/smartfony-c13/bq/smartfon_bq_6022g_aura_chernyy_4630055245505-2691109.html
BQ 6631G Surf Синий,6 290 ₽,Online Trade,https://www.onlinetrade.ru/catalogue/smartfony-c13/bq/smartfon_bq_6631g_surf_siniy_4630055245710-2691115.html
TCL 20E 64GB Синий,10 990 ₽,Online Trade,https://www.onlinetrade.ru/catalogue/smartfony-c13/tcl/smartfon_tcl_20e_64gb_siniy_6125h_2blcru12-2752572.html
TCL 20 SE 128GB Черный,14 490 ₽,Online Trade,https://www.onlinetrade.ru/catalogue/smartfony-c13/tcl/smartfon_tcl_20_se_128gb_chernyy_t671f_2alcru12-2752587.html
TCL 20Y 64GB Черный,12 990 ₽,Online Trade,https://www.onlinetrade.ru/catalogue/smartfony-c13/tcl/smartfon_tcl_20y_64gb_chernyy_6156h_2alcru12-2752591.html
Samsung Galaxy Z Fold3 256Gb Черный,159 990 ₽,Online Trade,https://www.onlinetrade.ru/catalogue/smartfony-c13/samsung/smartfon_samsung_galaxy_z_fold3_256gb_chernyy_sm_f926bzkdser-2756041.html
Samsung Galaxy Z Fold3 256Gb Зеленый,159 990 ₽,Online Trade,https://www.onlinetrade.ru/catalogue/smartfony-c13/samsung/smartfon_samsung_galaxy_z_fold3_256gb_zelenyy_sm_f926bzgdser-2756042.html
Samsung Galaxy Z Flip3 128Gb Черный,79 990 ₽,Online Trade,https://www.onlinetrade.ru/catalogue/smartfony-c13/samsung/smartfon_samsung_galaxy_z_flip3_128gb_chernyy_sm_f711bzkaser-2756053.html
TCL 20L 128GB Лунный синий,17 490 ₽,Online Trade,https://www.onlinetrade.ru/catalogue/smartfony-c13/tcl/smartfon_tcl_20l_128gb_lunnyy_siniy_t774h_2blcru12-2764072.html
TCL 20L 128GB Тёмно-серый,17 490 ₽,Online Trade,https://www.onlinetrade.ru/catalogue/smartfony-c13/tcl/smartfon_tcl_20l_128gb_temno_seryy_t774h_2alcru12-2764095.html
ZTE Blade A51 2/32GB Серый,7 990 ₽,Online Trade,https://www.onlinetrade.ru/catalogue/smartfony-c13/zte/smartfon_zte_blade_a51_2_32gb_seryy_zte_a51.32.gr-2768947.html
Doogee S59 Pro Зеленый,15 890 ₽,Online Trade,https://www.onlinetrade.ru/catalogue/smartfony-c13/doogee/smartfon_doogee_s59_pro_zelenyy_s59_pro_army_green-2776024.html
Doogee X95 Pro Зеленый,9 190 ₽,Online Trade,https://www.onlinetrade.ru/catalogue/smartfony-c13/doogee/smartfon_doogee_x95_pro_zelenyy_x95_pro_emerald_green-2776081.html
Doogee X95 Pro Черный,9 190 ₽,Online Trade,https://www.onlinetrade.ru/catalogue/smartfony-c13/doogee/smartfon_doogee_x95_pro_chernyy_x95_pro_starry_black-2776084.html
Asus Zenfone 8 ZS590KS 16/256GB Черный,67 990 ₽,Online Trade,https://www.onlinetrade.ru/catalogue/smartfony-c13/asus/smartfon_asus_zenfone_8_zs590ks_16_256gb_chernyy_90ai0061_m00690-2784424.html
Huawei Y6 P фиолетовый,9 990 ₽,Online Trade,https://www.onlinetrade.ru/catalogue/smartfony-c13/huawei/smartfon_huawei_y6_p_fioletovyy_51096psx-2801242.html
Apple iPhone 13 mini 128GB Сияющая звезда,69 990 ₽,Online Trade,https://www.onlinetrade.ru/catalogue/smartfony-c13/apple/smartfon_apple_iphone_13_mini_128gb_siyayushchaya_zvezda_mllw3ru_a-2804209.html
Apple iPhone 13 512GB Сияющая звезда,109 990 ₽,Online Trade,https://www.onlinetrade.ru/catalogue/smartfony-c13/apple/smartfon_apple_iphone_13_512gb_siyayushchaya_zvezda_mlp93ru_a-2804234.html
Apple iPhone 13 Pro Max 1TB Золотой,169 990 ₽,Online Trade,https://www.onlinetrade.ru/catalogue/smartfony-c13/apple/smartfon_apple_iphone_13_pro_max_1tb_zolotoy_mln93ru_a-2804334.html
Apple iPhone 13 Pro Max 1TB Серебристый,169 990 ₽,Online Trade,https://www.onlinetrade.ru/catalogue/smartfony-c13/apple/smartfon_apple_iphone_13_pro_max_1tb_serebristyy_mln73ru_a-2804337.html
Nokia C30 2/32GB Dual Sim (TA-1359) Зеленый,9 990 ₽,Online Trade,https://www.onlinetrade.ru/catalogue/smartfony-c13/nokia/smartfon_nokia_c30_2_32gb_dual_sim_ta_1359_zelenyy_286663544-2816242.html
Nokia C30 2/32GB Dual Sim (TA-1359) Белый,9 990 ₽,Online Trade,https://www.onlinetrade.ru/catalogue/smartfony-c13/nokia/smartfon_nokia_c30_2_32gb_dual_sim_ta_1359_belyy_286668586-2816245.html
Nokia C30 3/64GB Dual Sim (TA-1359) Белый,10 990 ₽,Online Trade,https://www.onlinetrade.ru/catalogue/smartfony-c13/nokia/smartfon_nokia_c30_3_64gb_dual_sim_ta_1359_belyy_286668599-2816247.html
Xiaomi 11T Pro 8/128Gb Белый,53 990 ₽,Online Trade,https://www.onlinetrade.ru/catalogue/smartfony-c13/xiaomi/smartfon_xiaomi_11t_pro_8_128gb_belyy_x34899-2860955.html
Xiaomi 11 Lite 5G NE 6/128Gb Черный,26 990 ₽,Online Trade,https://www.onlinetrade.ru/catalogue/smartfony-c13/xiaomi/smartfon_xiaomi_11_lite_5g_ne_6_128gb_chernyy_x35644-2858957.html
Samsung Galaxy Z Flip3 128Gb Черный (Уценка - ВТ1),67 990 ₽,Online Trade,https://www.onlinetrade.ru/catalogue/smartfony-c13/samsung/smartfon_samsung_galaxy_z_flip3_128gb_chernyy_utsenka_vt1_sm_f711bzkaser_1-2865743.html
OUKITEL C19 Синий,6 890 ₽,Online Trade,https://www.onlinetrade.ru/catalogue/smartfony-c13/oukitel/smartfon_oukitel_c19_siniy_oukitel_c19_gradient_blue-2886537.html
Infinix ZERO X Pro 8/128GB Черный,26 900 ₽,Online Trade,https://www.onlinetrade.ru/catalogue/smartfony-c13/infinix/smartfon_infinix_zero_x_pro_8_128gb_chernyy_4895180771347-2902096.html
Doogee S40 3/32GB Оранжевый (Уценка - У1),8 490 ₽,Online Trade,https://www.onlinetrade.ru/catalogue/smartfony-c13/doogee/smartfon_doogee_s40_3_32gb_oranzhevyy_utsenka_u1_s40_332_fire_orange_1-2906329.html
Blackview BL5000 черный,28 990 ₽,Online Trade,https://www.onlinetrade.ru/catalogue/smartfony-c13/blackview/smartfon_blackview_bl5000_chernyy_bl5000_black-2924076.html
Blackview BV4900 Pro черный,13 990 ₽,Online Trade,https://www.onlinetrade.ru/catalogue/smartfony-c13/blackview/smartfon_blackview_bv4900_pro_chernyy_bv4900_pro_black-2924100.html
Samsung Galaxy Z Flip3 256Gb Бежевый,84 990 ₽,Online Trade,https://www.onlinetrade.ru/catalogue/smartfony-c13/samsung/smartfon_samsung_galaxy_z_flip3_256gb_bezhevyy_sm_f711bzefser-2925419.html
Apple iPhone 11 Pro Max 64GB Тёмно-зелёный (Уценка - У4),74 390 ₽,Online Trade,https://www.onlinetrade.ru/catalogue/smartfony-c13/apple/smartfon_apple_iphone_11_pro_max_64gb_temno_zelenyy_utsenka_u4_mwhh2ru_a_4-2932446.html
Infinix SMART 6 2/32GB Черный,7 990 ₽,Online Trade,https://www.onlinetrade.ru/catalogue/smartfony-c13/infinix/smartfon_infinix_smart_6_2_32gb_chernyy-2941224.html
Infinix SMART 6 2/32GB Синий,7 990 ₽,Online Trade,https://www.onlinetrade.ru/catalogue/smartfony-c13/infinix/smartfon_infinix_smart_6_2_32gb_siniy-2941227.html
TECNO POP 5 2/32GB Синий,7 990 ₽,Online Trade,https://www.onlinetrade.ru/catalogue/smartfony-c13/tecno/smartfon_tecno_pop_5_2_32gb_siniy_bd4_pop_5_322_ice_blue-2941600.html
TECNO Spark 6 Go 2/32GB Темно-синий,7 990 ₽,Online Trade,https://www.onlinetrade.ru/catalogue/smartfony-c13/tecno/smartfon_tecno_spark_6_go_2_32gb_temno_siniy_ke5_spark_6_go_galaxy_blue-2941642.html
TECNO Spark 6 Go 2/32GB Светло-синий,7 990 ₽,Online Trade,https://www.onlinetrade.ru/catalogue/smartfony-c13/tecno/smartfon_tecno_spark_6_go_2_32gb_svetlo_siniy_ke5_spark_6_go_maldives_blue-2941665.html
Samsung Galaxy A22 128Gb Мятный (Уценка - У1),17 090 ₽,Online Trade,https://www.onlinetrade.ru/catalogue/smartfony-c13/samsung/smartfon_samsung_galaxy_a22_128gb_myatnyy_utsenka_u1_sm_a225flggser_1-2941981.html
HTC Wildfire E2 Plus 4/64Gb Черный,12 990 ₽,Online Trade,https://www.onlinetrade.ru/catalogue/smartfony-c13/htc/smartfon_htc_wildfire_e2_plus_4_64gb_chernyy_wildfare_e2_plus-2942648.html
Asus ROG Phone 5s 16/512Gb Черный,92 990 ₽,Online Trade,https://www.onlinetrade.ru/catalogue/smartfony-c13/asus/smartfon_asus_rog_phone_5s_16_512gb_chernyy_90ai0091_m00670-2942654.html
Apple iPhone 13 mini 256GB Синий (Уценка - УП1),71 990 ₽,Online Trade,https://www.onlinetrade.ru/catalogue/smartfony-c13/apple/smartfon_apple_iphone_13_mini_256gb_siniy_utsenka_up1_mlm83ru_a_1-2943681.html
Vertex Impress Luck 3G Черный (Уценка - У11),2 120 ₽,Online Trade,https://www.onlinetrade.ru/catalogue/smartfony-c13/vertex/smartfon_vertex_impress_luck_3g_chernyy_utsenka_u11_vrx_lck_blk2020_11-2946875.html
Apple iPhone 13 mini 256GB Розовый (Уценка - УП1),77 590 ₽,Online Trade,https://www.onlinetrade.ru/catalogue/smartfony-c13/apple/smartfon_apple_iphone_13_mini_256gb_rozovyy_utsenka_up1_mlm63ru_a_1-2948990.html
POCO X3 NFC 6/128GB Серый сумрак (Уценка - ВТ2),18 890 ₽,Online Trade,https://www.onlinetrade.ru/catalogue/smartfony-c13/poco/smartfon_poco_x3_nfc_6_128gb_seryy_sumrak_utsenka_vt2_x29601_2-2947826.html
Xiaomi 11 Lite 5G NE 8/256Gb Розовый,34 990 ₽,Online Trade,https://www.onlinetrade.ru/catalogue/smartfony-c13/xiaomi/smartfon_xiaomi_11_lite_5g_ne_8_256gb_rozovyy_mzb09t5eu-2949398.html
realme C25S 4/64GB серый,12 990 ₽,Online Trade,https://www.onlinetrade.ru/catalogue/smartfony-c13/realme/smartfon_realme_c25s_4_64gb_seryy_rlm_3195.4_64.gr-2949043.html
Samsung Galaxy S21 FE 5G 8/256GB Серый,60 990 ₽,Online Trade,https://www.onlinetrade.ru/catalogue/smartfony-c13/samsung/smartfon_samsung_galaxy_s21_fe_5g_8_256gb_seryy_sm_g990bzagser-2956755.html
Samsung Galaxy S21 FE 5G 8/256GB Фиолетовый,60 990 ₽,Online Trade,https://www.onlinetrade.ru/catalogue/smartfony-c13/samsung/smartfon_samsung_galaxy_s21_fe_5g_8_256gb_fioletovyy_sm_g990blvgser-2956688.html
Samsung Galaxy S21 FE 5G 8/256GB Белый,60 990 ₽,Online Trade,https://www.onlinetrade.ru/catalogue/smartfony-c13/samsung/smartfon_samsung_galaxy_s21_fe_5g_8_256gb_belyy_sm_g990bzwgser-2956754.html
Samsung Galaxy S21 FE 5G 8/256GB Зеленый,60 990 ₽,Online Trade,https://www.onlinetrade.ru/catalogue/smartfony-c13/samsung/smartfon_samsung_galaxy_s21_fe_5g_8_256gb_zelenyy_sm_g990blggser-2956756.html
Samsung Galaxy S21 FE 5G 6/128GB Белый,54 990 ₽,Online Trade,https://www.onlinetrade.ru/catalogue/smartfony-c13/samsung/smartfon_samsung_galaxy_s21_fe_5g_6_128gb_belyy_sm_g990bzwdser-2956675.html
Samsung Galaxy S21 FE 5G 6/128GB Фиолетовый,54 990 ₽,Online Trade,https://www.onlinetrade.ru/catalogue/smartfony-c13/samsung/smartfon_samsung_galaxy_s21_fe_5g_6_128gb_fioletovyy_sm_g990blvdser-2956676.html
Samsung Galaxy S21 FE 5G 6/128GB Серый,54 990 ₽,Online Trade,https://www.onlinetrade.ru/catalogue/smartfony-c13/samsung/smartfon_samsung_galaxy_s21_fe_5g_6_128gb_seryy_sm_g990bzadser-2956677.html
Samsung Galaxy S21 FE 5G 6/128GB Зеленый,54 990 ₽,Online Trade,https://www.onlinetrade.ru/catalogue/smartfony-c13/samsung/smartfon_samsung_galaxy_s21_fe_5g_6_128gb_zelenyy_sm_g990blgdser-2956679.html
Samsung Galaxy A03 3/32GB Синий,10 490 ₽,Online Trade,https://www.onlinetrade.ru/catalogue/smartfony-c13/samsung/smartfon_samsung_galaxy_a03_3_32gb_siniy_sm_a035fzbdser-2958227.html
Samsung Galaxy A03 4/64GB Синий,11 990 ₽,Online Trade,https://www.onlinetrade.ru/catalogue/smartfony-c13/samsung/smartfon_samsung_galaxy_a03_4_64gb_siniy_sm_a035fzbgser-2958228.html
Samsung Galaxy A03 3/32GB Черный,10 490 ₽,Online Trade,https://www.onlinetrade.ru/catalogue/smartfony-c13/samsung/smartfon_samsung_galaxy_a03_3_32gb_chernyy_sm_a035fzkdser-2958229.html
Samsung Galaxy A03 4/64GB Черный,11 990 ₽,Online Trade,https://www.onlinetrade.ru/catalogue/smartfony-c13/samsung/smartfon_samsung_galaxy_a03_4_64gb_chernyy_sm_a035fzkgser-2958230.html
Samsung Galaxy A03 3/32GB Красный,10 490 ₽,Online Trade,https://www.onlinetrade.ru/catalogue/smartfony-c13/samsung/smartfon_samsung_galaxy_a03_3_32gb_krasnyy_sm_a035fzrdser-2958235.html
Samsung Galaxy A03 4/64GB Красный,11 990 ₽,Online Trade,https://www.onlinetrade.ru/catalogue/smartfony-c13/samsung/smartfon_samsung_galaxy_a03_4_64gb_krasnyy_sm_a035fzrgser-2958238.html
Infinix HOT 10 Lite 3/64GB Черный,8 990 ₽,Online Trade,https://www.onlinetrade.ru/catalogue/smartfony-c13/infinix/smartfon_infinix_hot_10_lite_3_64gb_chernyy_4895180778858-2958684.html
realme C21Y 3/32GB голубой,10 990 ₽,Online Trade,https://www.onlinetrade.ru/catalogue/smartfony-c13/realme/smartfon_realme_c21y_3_32gb_goluboy_rmx3263_blue_332-2958733.html
realme C21Y 3/32GB черный,10 990 ₽,Online Trade,https://www.onlinetrade.ru/catalogue/smartfony-c13/realme/smartfon_realme_c21y_3_32gb_chernyy_rmx3263_black_332-2958734.html
TECNO Pova 2 4/64Gb Синий,13 990 ₽,Online Trade,https://www.onlinetrade.ru/catalogue/smartfony-c13/tecno/smartfon_tecno_pova_2_4_64gb_siniy_pova_2_64_energy_blue-2958908.html
Xiaomi Redmi 9C 4/128GB Фиолетовый,12 990 ₽,Online Trade,https://www.onlinetrade.ru/catalogue/smartfony-c13/xiaomi/smartfon_xiaomi_redmi_9c_4_128gb_fioletovyy_x36595-2960948.html
